сельскохозяйственного назначения|с/х назначения
&quot;|"
Закрытым паевым инвестиционным рентным фондом|ЗПИРФ
Закрытый паевой инвестиционный фонд недвижимости|ЗПИФН
Закрытого паевого инвестиционного фонда недвижимости|ЗПИФН
Закрытый паевой инвестиционный фонд|ЗПИФ
Закрытого паевого инвестиционного фонда|ЗПИФ
Закрытым паевым инвестиционным фондом|ЗПИФ
Паевой инвестиционный фонд|ПИФ
Паевого инвестиционного фонда|ПИФ
Открытое акционерное общество|ОАО
Общество с ограниченной ответственностью|ООО
Публичное акционерное общество|ПАО
Закрытое акционерное общество|ЗАО
Акционерное общество|АО
Научно-исследовательский институт|НИИ
Российской академии сельскохозяйственных наук|РАСХН
Государственная компания|ГК
Муниципальное унитарное предприятие|МУП
Федеральное бюджетное учреждение|ФБУ
Федеральное государственное унитарное предприятие|ФГУП
Федеральное государственное бюджетное учреждение|ФГБУ
Федеральное государственное бюджетное образовательное учреждение|ФГБОУ
Федеральное государственное казенное военное образовательное учреждение|ФГКВОУ
Федеральное государственное бюджетное дошкольное образовательное учреждение|ФГБДОУ
Федеральное государственное образовательное бюджетное учреждение|ФГОБУ
Федеральное государственное бюджетное научное учреждение|ФГБНУ
Федеральное государственное автономное образовательное учреждение|ФГАОУ
Федеральное государственное казённое учреждение|ФГКУ
Федеральное казенное учреждение здравоохранения|ФКУЗ
Федеральное казённое учреждение|ФКУ
Федеральное казенное учреждение|ФКУ
Казённое учреждение|КУ
Государственное унитарное предприятие|ГУП
Государственное учреждение|ГУ
Государственное казенное учреждение|ГКУ
Государственное научное учреждение|ГНУ
Государственное автономное образовательное учреждение|ГАОУ
Государственное автономное учреждение здравоохранения|ГАУЗ
Государственное бюджетное общеобразовательное учреждение|ГБОУ
Государственное бюджетное образовательное учреждение дополнительного образования|ГБОУДО
Государственное бюджетное образовательное учреждение|ГБОУ
Государственное бюджетное профессиональное образовательное учреждение|ГБПОУ
Государственное бюджетное учреждение здравоохранения|ГБУЗ
Государственное бюджетное учреждение|ГБУ
Государственное природоохранное бюджетное учреждение|ГПБУ
высшего образования|ВО
средняя общеобразовательная школа|СОШ
Крестьянское \(фермерское\) хозяйство|КФХ
Крестьянско-фермерское хозяйство|КФХ
Крестьянское фермерское хозяйство|КФХ
Крестьянское хозяйство|КХ
Сельскохозяйственный производственный кооператив|СПК
Государственный племенной птицезавод|ГППЗ
Акционерный коммерческий банк|АКБ
Коммерческий банк|КБ
Микрофинансовая организация|МФО
Автономная некоммерческая организация|АНО
Потребительский дачный кооператив|ПДК
газоперерабатывающий завод|ГПЗ
Федеральная сетевая компания Единой энергетической системы|ФСК ЕЭС
Межрегиональная распределительная сетевая компания|МРСК
Управление федеральной службы судебных приставов|УФССП
Управление внутренних дел|УВД
Главного управления|ГУ
Управляющая компания|УК
Федеральной службы исполнения наказаний|ФСИН
Российские железные дороги|РЖД
Российская Федерация|РФ
Российской Федерации|РФ
РОССИЯ|РФ
аренда|Аренда
муниципального района|м.р-на
муниципальный район|м.р-н
автономной области|а.обл.
муниципального образования|м.о.
муниципальное образование|м.о.
области|обл.
городской округ|г.о.
городского округа|г.о.
города|г.
городом|г.
городу|г.
городе|г.
город|г.
